id,name,lat,lon,off_or_on_street,capacity
902,California and Steiner Lot,37.7889185029,-122.4348029307,OFF,11
930,16th and Hoff Garage,37.76425207,-122.4207729,OFF,70
931,Civic Center Garage,37.7802465669,-122.4177671135,OFF,843
932,Ellis OFarrell Garage,37.7863925455,-122.4071540583,OFF,950
933,Fifth and Mission Garage,37.7832776731,-122.405537559,OFF,2586
934,Golden Gateway Garage,37.79544154,-122.3986032,OFF,1142
935,Japan Center Garage,37.7849220106,-122.4301614271,OFF,745
936,Japan Center Annex Garage,37.7849547433,-122.4328661663,OFF,175
938,Lombard Street Garage,37.7996475876,-122.4348921128,OFF,205
939,Mission Bartlett Garage,37.7568400419,-122.4204335636,OFF,230
941,Moscone Center Garage,37.78452379,-122.3994795,OFF,752
943,Performing Arts Garage,37.77810302,-122.4225312,OFF,600
948,St. Marys Square Garage,37.79199927,-122.4045476,OFF,392
949,Sutter Stockton Garage,37.7897829226,-122.4068556189,OFF,1650
950,Union Square Garage,37.7876789151,-122.407447946,OFF,800
201001,1st St (1-99),undefined,undefined,ON,22
201002,1st St (2-98),undefined,undefined,ON,17
201021,1st St (201-299),undefined,undefined,ON,14
201022,1st St (200-298),undefined,undefined,ON,8
201031,1st St (301-399),undefined,undefined,ON,8
201032,1st St (300-360),undefined,undefined,ON,5
202001,2nd St (1-99),undefined,undefined,ON,null
202002,2nd St (36-98),undefined,undefined,ON,3
202021,2nd St (201-299),undefined,undefined,ON,6
202022,2nd St (200-298),undefined,undefined,ON,5
202031,2nd St (301-399),undefined,undefined,ON,11
202032,2nd St (300-398),undefined,undefined,ON,8
202041,2nd St (401-499),undefined,undefined,ON,6
202042,2nd St (400-498),undefined,undefined,ON,5
202051,2nd St (501-599),undefined,undefined,ON,4
202052,2nd St (500-548),undefined,undefined,ON,6
202054,2nd St (550-598),undefined,undefined,ON,2
202061,2nd St (601-699),undefined,undefined,ON,4
202062,2nd St (600-698),undefined,undefined,ON,14
202071,2nd St (701-799),undefined,undefined,ON,5
202072,2nd St (700-798),undefined,undefined,ON,4
203031,3rd St (301-399),undefined,undefined,ON,10
203032,3rd St (300-398),undefined,undefined,ON,20
203041,3rd St (401-499),undefined,undefined,ON,4
203042,3rd St (434-466),undefined,undefined,ON,2
203043,3rd St (467-499),undefined,undefined,ON,4
203044,3rd St (468-498),undefined,undefined,ON,6
203051,3rd St (501-549),undefined,undefined,ON,3
203052,3rd St (500-598),undefined,undefined,ON,5
203053,3rd St (551-599),undefined,undefined,ON,3
203061,3rd St (601-699),undefined,undefined,ON,9
203062,3rd St (600-698),undefined,undefined,ON,12
203071,3rd St (701-799),undefined,undefined,ON,7
203072,3rd St (700-798),undefined,undefined,ON,8
204051,4th St (501-567),undefined,undefined,ON,10
204052,4th St (500-598),undefined,undefined,ON,14
204061,4th St (601-699),undefined,undefined,ON,5
204062,4th St (600-648),undefined,undefined,ON,1
205061,5th St (601-699),undefined,undefined,ON,9
205062,5th St (600-698),undefined,undefined,ON,16
216291,16th St (2901-2999),undefined,undefined,ON,16
216292,16th St (2900-2998),undefined,undefined,ON,10
216302,16th St (3000-3070),undefined,undefined,ON,9
216311,16th St (3101-3199),undefined,undefined,ON,4
216312,16th St (3100-3198),undefined,undefined,ON,6
218341,18th St (3401-3499),undefined,undefined,ON,3
218342,18th St (3400-3498),undefined,undefined,ON,6
220351,20th St (3501-3599),undefined,undefined,ON,12
220352,20th St (3500-3598),undefined,undefined,ON,13
221321,21st St (3201-3249),undefined,undefined,ON,6
221322,21st St (3200-3298),undefined,undefined,ON,8
221323,21st St (3251-3299),undefined,undefined,ON,6
222321,22nd St (3201-3249),undefined,undefined,ON,8
222322,22nd St (3200-3248),undefined,undefined,ON,8
222323,22nd St (3251-3299),undefined,undefined,ON,8
222324,22nd St (3250-3298),undefined,undefined,ON,5
223331,23rd St (3301-3399),undefined,undefined,ON,9
223332,23rd St (3300-3398),undefined,undefined,ON,8
305001,Avila St (1-99),undefined,undefined,ON,1
305002,Avila St (2-98),undefined,undefined,ON,1
323001,Bartlett St (1-99),undefined,undefined,ON,11
323002,Bartlett St (2-98),undefined,undefined,ON,17
324021,Battery St (201-299),undefined,undefined,ON,8
324022,Battery St (200-298),undefined,undefined,ON,10
324031,Battery St (301-399),undefined,undefined,ON,8
324032,Battery St (300-398),undefined,undefined,ON,7
324041,Battery St (401-499),undefined,undefined,ON,6
324052,Battery St (500-598),undefined,undefined,ON,2
325052,Bay St (500-598),undefined,undefined,ON,9
326022,Beach St (200-298),undefined,undefined,ON,7
326032,Beach St (300-398),undefined,undefined,ON,4
326042,Beach St (400-498),undefined,undefined,ON,11
326052,Beach St (500-598),undefined,undefined,ON,6
326061,Beach St (641-699),undefined,undefined,ON,2
326062,Beach St (600-698),undefined,undefined,ON,4
326071,Beach St (701-799),undefined,undefined,ON,7
326072,Beach St (700-898),undefined,undefined,ON,8
326081,Beach St (801-899),undefined,undefined,ON,9
326082,Beach St (800-898),undefined,undefined,ON,3
328001,Beale St (1-99),undefined,undefined,ON,17
328002,Beale St (2-98),undefined,undefined,ON,14
330021,Brannan St (269-299),undefined,undefined,ON,5
330022,Brannan St (272-298),undefined,undefined,ON,6
330031,Brannan St (301-399),undefined,undefined,ON,20
330032,Brannan St (300-348),undefined,undefined,ON,10
330034,Brannan St (350-398),undefined,undefined,ON,11
330041,Brannan St (401-499),undefined,undefined,ON,24
330042,Brannan St (400-498),undefined,undefined,ON,16
330051,Brannan St (501-599),undefined,undefined,ON,29
330052,Brannan St (500-598),undefined,undefined,ON,8
331031,Bryant St (333-399),undefined,undefined,ON,11
331032,Bryant St (332-398),undefined,undefined,ON,5
331041,Bryant St (401-449),undefined,undefined,ON,6
331042,Bryant St (400-498),undefined,undefined,ON,16
331043,Bryant St (451-499),undefined,undefined,ON,6
331051,Bryant St (501-599),undefined,undefined,ON,10
334181,Buchanan St (1801-1899),undefined,undefined,ON,3
334182,Buchanan St (1800-1898),undefined,undefined,ON,2
336011,Bush St (101-199),undefined,undefined,ON,4
336012,Bush St (100-198),undefined,undefined,ON,6
336021,Bush St (201-251),undefined,undefined,ON,11
336031,Bush St (311-399),undefined,undefined,ON,12
339011,Berry St (101-199),undefined,undefined,ON,11
339012,Berry St (100-198),undefined,undefined,ON,25
339021,Berry St (201-299),undefined,undefined,ON,20
339022,Berry St (200-298),undefined,undefined,ON,1
339031,Berry St (301-399),undefined,undefined,ON,27
339041,Berry St (401-499),undefined,undefined,ON,15
339042,Berry St (400-498),undefined,undefined,ON,5
350231,California St (2353-2399),undefined,undefined,ON,2
350232,California St (2350-2398),undefined,undefined,ON,1
350241,California St (2401-2499),undefined,undefined,ON,8
350242,California St (2400-2498),undefined,undefined,ON,5
354201,Chestnut St (2001-2099),undefined,undefined,ON,5
354202,Chestnut St (2000-2048),undefined,undefined,ON,7
354204,Chestnut St (2050-2098),undefined,undefined,ON,4
354211,Chestnut St (2101-2199),undefined,undefined,ON,9
354212,Chestnut St (2100-2198),undefined,undefined,ON,11
354221,Chestnut St (2201-2299),undefined,undefined,ON,11
354222,Chestnut St (2200-2248),undefined,undefined,ON,3
354224,Chestnut St (2250-2298),undefined,undefined,ON,3
354231,Chestnut St (2301-2399),undefined,undefined,ON,7
354232,Chestnut St (2300-2398),undefined,undefined,ON,8
354241,Chestnut St (2401-2499),undefined,undefined,ON,6
354242,Chestnut St (2400-2498),undefined,undefined,ON,4
359012,Clay St (100-198),undefined,undefined,ON,12
359032,Clay St (302-398),undefined,undefined,ON,5
359042,Clay St (400-498),undefined,undefined,ON,5
359051,Clay St (501-599),undefined,undefined,ON,null
359241,Clay St (2401-2499),undefined,undefined,ON,3
359242,Clay St (2400-2440),undefined,undefined,ON,2
359244,Clay St (2474-2498),undefined,undefined,ON,3
359251,Clay St (2501-2599),undefined,undefined,ON,2
363121,Columbus Ave (1201-1295),undefined,undefined,ON,6
363122,Columbus Ave (1200-1298),undefined,undefined,ON,3
363131,Columbus Ave (1297-1399),undefined,undefined,ON,8
363132,Columbus Ave (1350-1398),undefined,undefined,ON,6
364051,Commercial St (501-599),undefined,undefined,ON,7
370011,Capp St (101-199),undefined,undefined,ON,8
370012,Capp St (100-198),undefined,undefined,ON,13
380001,Davis St (1-99),undefined,undefined,ON,4
380002,Davis St (2-98),undefined,undefined,ON,9
380011,Davis St (101-199),undefined,undefined,ON,8
380012,Davis St (100-198),undefined,undefined,ON,11
380021,Davis St (201-399),undefined,undefined,ON,2
380022,Davis St (200-398),undefined,undefined,ON,5
380031,Davis St (301-399),undefined,undefined,ON,2
384321,Divisadero St (3201-3299),undefined,undefined,ON,5
384322,Divisadero St (3200-3298),undefined,undefined,ON,3
386001,Drumm St (7-99),undefined,undefined,ON,12
386011,Drumm St (101-199),undefined,undefined,ON,5
386012,Drumm St (100-198),undefined,undefined,ON,7
386021,Drumm St (201-299),undefined,undefined,ON,3
386031,Drumm St (301-399),undefined,undefined,ON,6
386032,Drumm St (300-398),undefined,undefined,ON,7
411001,Fell St (1-99),undefined,undefined,ON,12
411002,Fell St (2-98),undefined,undefined,ON,8
411011,Fell St (101-199),undefined,undefined,ON,8
411012,Fell St (100-198),undefined,undefined,ON,13
411021,Fell St (201-299),undefined,undefined,ON,12
411022,Fell St (200-298),undefined,undefined,ON,3
411031,Fell St (301-399),undefined,undefined,ON,16
411032,Fell St (300-398),undefined,undefined,ON,3
413211,Filbert St (2101-2199),undefined,undefined,ON,5
413212,Filbert St (2100-2198),undefined,undefined,ON,2
413221,Filbert St (2201-2299),undefined,undefined,ON,3
413222,Filbert St (2200-2298),undefined,undefined,ON,3
415101,Fillmore St (1001-1099),undefined,undefined,ON,6
415111,Fillmore St (1101-1199),undefined,undefined,ON,4
415112,Fillmore St (1100-1198),undefined,undefined,ON,6
415121,Fillmore St (1201-1299),undefined,undefined,ON,10
415122,Fillmore St (1200-1298),undefined,undefined,ON,5
415131,Fillmore St (1301-1399),undefined,undefined,ON,5
415132,Fillmore St (1300-1398),undefined,undefined,ON,5
415141,Fillmore St (1401-1499),undefined,undefined,ON,5
415142,Fillmore St (1400-1598),undefined,undefined,ON,6
415151,Fillmore St (1501-1599),undefined,undefined,ON,2
415152,Fillmore St (1500-1598),undefined,undefined,ON,8
415161,Fillmore St (1601-1699),undefined,undefined,ON,5
415162,Fillmore St (1600-1698),undefined,undefined,ON,2
415171,Fillmore St (1701-1799),undefined,undefined,ON,6
415172,Fillmore St (1700-1798),undefined,undefined,ON,6
415181,Fillmore St (1801-1899),undefined,undefined,ON,4
415182,Fillmore St (1800-1898),undefined,undefined,ON,10
415191,Fillmore St (1901-1999),undefined,undefined,ON,3
415192,Fillmore St (1900-1998),undefined,undefined,ON,6
415201,Fillmore St (2001-2099),undefined,undefined,ON,3
415202,Fillmore St (2000-2098),undefined,undefined,ON,4
415211,Fillmore St (2101-2199),undefined,undefined,ON,3
415212,Fillmore St (2100-2198),undefined,undefined,ON,4
415221,Fillmore St (2201-2299),undefined,undefined,ON,4
415222,Fillmore St (2200-2298),undefined,undefined,ON,5
415231,Fillmore St (2301-2399),undefined,undefined,ON,4
415232,Fillmore St (2300-2398),undefined,undefined,ON,8
415241,Fillmore St (2401-2499),undefined,undefined,ON,6
415242,Fillmore St (2400-2498),undefined,undefined,ON,7
415311,Fillmore St (3101-3149),undefined,undefined,ON,6
415312,Fillmore St (3100-3148),undefined,undefined,ON,6
415313,Fillmore St (3151-3199),undefined,undefined,ON,6
415314,Fillmore St (3150-3198),undefined,undefined,ON,6
415321,Fillmore St (3201-3229),undefined,undefined,ON,5
415322,Fillmore St (3200-3248),undefined,undefined,ON,5
415332,Fillmore St (3300-3398),undefined,undefined,ON,2
418001,Folsom St (53-99),undefined,undefined,ON,3
418002,Folsom St (40-98),undefined,undefined,ON,7
418051,Folsom St (501-599),undefined,undefined,ON,5
418052,Folsom St (500-598),undefined,undefined,ON,6
418061,Folsom St (601-643),undefined,undefined,ON,2
418062,Folsom St (600-650),undefined,undefined,ON,1
418063,Folsom St (645-699),undefined,undefined,ON,11
419011,Franklin St (101-199),undefined,undefined,ON,6
419021,Franklin St (201-299),undefined,undefined,ON,3
419022,Franklin St (200-298),undefined,undefined,ON,5
419031,Franklin St (301-399),undefined,undefined,ON,8
419032,Franklin St (300-398),undefined,undefined,ON,5
419041,Franklin St (401-499),undefined,undefined,ON,8
419042,Franklin St (400-598),undefined,undefined,ON,7
419051,Franklin St (501-599),undefined,undefined,ON,11
419052,Franklin St (466-598),undefined,undefined,ON,7
420001,Fremont St (1-99),undefined,undefined,ON,11
420002,Fremont St (2-98),undefined,undefined,ON,8
420021,Fremont St (201-299),undefined,undefined,ON,7
422001,Front St (1-99),undefined,undefined,ON,5
422002,Front St (2-98),undefined,undefined,ON,1
422011,Front St (101-199),undefined,undefined,ON,9
422012,Front St (100-198),undefined,undefined,ON,3
422021,Front St (201-299),undefined,undefined,ON,5
422022,Front St (200-298),undefined,undefined,ON,3
422031,Front St (301-399),undefined,undefined,ON,6
422032,Front St (300-398),undefined,undefined,ON,3
440152,Geary Blvd (1500-1698),undefined,undefined,ON,11
440162,Geary Blvd (1500-1698),undefined,undefined,ON,8
440171,Geary Blvd (1801-1837),undefined,undefined,ON,2
440172,Geary Blvd (1750-1798),undefined,undefined,ON,8
440181,Geary Blvd (1839-1899),undefined,undefined,ON,5
440182,Geary Blvd (1800-1898),undefined,undefined,ON,7
442061,Golden Gate Ave (601-699),undefined,undefined,ON,6
442062,Golden Gate Ave (600-698),undefined,undefined,ON,5
442071,Golden Gate Ave (701-799),undefined,undefined,ON,5
442072,Golden Gate Ave (700-798),undefined,undefined,ON,15
443021,Gough St (201-299),undefined,undefined,ON,5
443022,Gough St (200-298),undefined,undefined,ON,8
443032,Gough St (300-398),undefined,undefined,ON,7
443041,Gough St (401-499),undefined,undefined,ON,10
443042,Gough St (400-498),undefined,undefined,ON,6
443052,Gough St (500-598),undefined,undefined,ON,8
446001,Grove St (1-55),undefined,undefined,ON,8
446002,Grove St (2-50),undefined,undefined,ON,5
446003,Grove St (57-99),undefined,undefined,ON,14
446004,Grove St (52-98),undefined,undefined,ON,19
446011,Grove St (101-199),undefined,undefined,ON,4
446021,Grove St (201-299),undefined,undefined,ON,8
446022,Grove St (200-298),undefined,undefined,ON,8
446031,Grove St (301-399),undefined,undefined,ON,17
446032,Grove St (300-398),undefined,undefined,ON,9
447211,Greenwich St (2101-2199),undefined,undefined,ON,2
447212,Greenwich St (2100-2198),undefined,undefined,ON,6
447221,Greenwich St (2201-2299),undefined,undefined,ON,2
460021,Halleck St (101-149),undefined,undefined,ON,2
463002,Hawthorne St (2-98),undefined,undefined,ON,3
463011,Hawthorne St (101-199),undefined,undefined,ON,18
463012,Hawthorne St (100-198),undefined,undefined,ON,3
464001,Hayes St (51-99),undefined,undefined,ON,5
464011,Hayes St (101-199),undefined,undefined,ON,5
464031,Hayes St (301-399),undefined,undefined,ON,13
464032,Hayes St (300-398),undefined,undefined,ON,13
464041,Hayes St (401-499),undefined,undefined,ON,9
464042,Hayes St (400-498),undefined,undefined,ON,5
464051,Hayes St (501-599),undefined,undefined,ON,13
464052,Hayes St (500-598),undefined,undefined,ON,12
467001,Hickory St (1-99),undefined,undefined,ON,5
467011,Hickory St (101-199),undefined,undefined,ON,10
470001,Howard St (51-99),undefined,undefined,ON,9
470002,Howard St (50-98),undefined,undefined,ON,7
470012,Howard St (100-198),undefined,undefined,ON,5
471001,Harrison St (1-99),undefined,undefined,ON,6
471002,Harrison St (2-98),undefined,undefined,ON,8
471012,Harrison St (100-198),undefined,undefined,ON,11
471051,Harrison St (501-549),undefined,undefined,ON,5
471052,Harrison St (500-598),undefined,undefined,ON,14
471061,Harrison St (601-699),undefined,undefined,ON,22
471062,Harrison St (600-646),undefined,undefined,ON,9
471064,Harrison St (648-698),undefined,undefined,ON,13
472281,Hyde St (2801-2899),undefined,undefined,ON,1
500001,Jackson St (1-99),undefined,undefined,ON,4
500002,Jackson St (2-98),undefined,undefined,ON,5
500011,Jackson St (101-199),undefined,undefined,ON,9
500012,Jackson St (100-198),undefined,undefined,ON,8
500021,Jackson St (201-299),undefined,undefined,ON,4
500022,Jackson St (200-298),undefined,undefined,ON,2
500032,Jackson St (300-398),undefined,undefined,ON,1
500041,Jackson St (401-499),undefined,undefined,ON,1
500231,Jackson St (2301-2399),undefined,undefined,ON,4
500232,Jackson St (2300-2398),undefined,undefined,ON,2
501011,Jessie St (101-131),undefined,undefined,ON,3
501012,Jessie St (100-134),undefined,undefined,ON,1
502262,Jones St (2600-2698),undefined,undefined,ON,5
502271,Jones St (2701-2799),undefined,undefined,ON,8
502282,Jones St (2800-2898),undefined,undefined,ON,8
520001,Kearny St (13-99),undefined,undefined,ON,9
520011,Kearny St (101-199),undefined,undefined,ON,10
520021,Kearny St (201-299),undefined,undefined,ON,12
520031,Kearny St (301-399),undefined,undefined,ON,10
524012,King St (100-198),undefined,undefined,ON,1
524022,King St (200-298),undefined,undefined,ON,1
540151,Laguna St (1501-1599),undefined,undefined,ON,6
540152,Laguna St (1500-1598),undefined,undefined,ON,3
540161,Laguna St (1601-1699),undefined,undefined,ON,8
542001,Larkin St (7-99),undefined,undefined,ON,7
542002,Larkin St (10-98),undefined,undefined,ON,1
542301,Larkin St (3001-3099),undefined,undefined,ON,7
542302,Larkin St (3000-3098),undefined,undefined,ON,5
546272,Leavenworth St (2700-2798),undefined,undefined,ON,2
546273,Leavenworth St (2701-2715),undefined,undefined,ON,2
546281,Leavenworth St (2801-2849),undefined,undefined,ON,4
546282,Leavenworth St (2800-2848),undefined,undefined,ON,2
547002,Lech Walesa St (2-98),undefined,undefined,ON,1
549201,Lombard St (2001-2099),undefined,undefined,ON,null
549212,Lombard St (2100-2198),undefined,undefined,ON,6
549222,Lombard St (2200-2298),undefined,undefined,ON,3
549232,Lombard St (2300-2398),undefined,undefined,ON,8
549241,Lombard St (2401-2499),undefined,undefined,ON,1
549242,Lombard St (2400-2498),undefined,undefined,ON,10
560002,Mallorca Way (2-70),undefined,undefined,ON,2
561002,Main St (2-98),undefined,undefined,ON,9
561031,Main St (301-399),undefined,undefined,ON,7
561032,Main St (300-398),undefined,undefined,ON,8
563031,Mcallister St (301-399),undefined,undefined,ON,12
563032,Mcallister St (300-398),undefined,undefined,ON,6
563042,Mcallister St (400-498),undefined,undefined,ON,7
563051,Mcallister St (501-599),undefined,undefined,ON,6
563052,Mcallister St (500-598),undefined,undefined,ON,11
566042,Merchant St (400-498),undefined,undefined,ON,2
568001,Mission St (1-33),undefined,undefined,ON,1
568002,Mission St (2-34),undefined,undefined,ON,2
568003,Mission St (35-99),undefined,undefined,ON,6
568004,Mission St (36-98),undefined,undefined,ON,8
568011,Mission St (101-199),undefined,undefined,ON,13
568063,Mission St (636-698),undefined,undefined,ON,3
568064,Mission St (636-698),undefined,undefined,ON,3
568202,Mission St (2000-2098),undefined,undefined,ON,6
568252,Mission St (2500-2598),undefined,undefined,ON,1
568271,Mission St (2701-2799),undefined,undefined,ON,4
568272,Mission St (2700-2798),undefined,undefined,ON,1
569002,Market St (2-198),undefined,undefined,ON,1
570012,Minna St (100-134),undefined,undefined,ON,5
570014,Minna St (136-198),undefined,undefined,ON,2
571001,Montgomery St (1-99),undefined,undefined,ON,12
571011,Montgomery St (101-199),undefined,undefined,ON,8
571021,Montgomery St (201-299),undefined,undefined,ON,11
571031,Montgomery St (301-399),undefined,undefined,ON,11
571041,Montgomery St (401-499),undefined,undefined,ON,8
571051,Montgomery St (501-599),undefined,undefined,ON,8
580011,Natoma St (101-132),undefined,undefined,ON,3
580013,Natoma St (134-198),undefined,undefined,ON,8
582011,New Montgomery St (101-199),undefined,undefined,ON,12
582012,New Montgomery St (100-198),undefined,undefined,ON,9
585012,North Point St (100-198),undefined,undefined,ON,11
585022,North Point St (200-298),undefined,undefined,ON,17
585031,North Point St (301-399),undefined,undefined,ON,3
585032,North Point St (300-398),undefined,undefined,ON,4
585041,North Point St (401-499),undefined,undefined,ON,8
585042,North Point St (400-498),undefined,undefined,ON,3
585051,North Point St (501-599),undefined,undefined,ON,4
585052,North Point St (500-598),undefined,undefined,ON,9
585061,North Point St (601-679),undefined,undefined,ON,4
585092,North Point St (900-998),undefined,undefined,ON,12
590001,Oak St (1-99),undefined,undefined,ON,7
590002,Oak St (2-98),undefined,undefined,ON,17
590011,Oak St (101-199),undefined,undefined,ON,7
590012,Oak St (100-198),undefined,undefined,ON,13
606001,Pine St (1-99),undefined,undefined,ON,9
606002,Pine St (2-98),undefined,undefined,ON,8
606011,Pine St (101-199),undefined,undefined,ON,12
606012,Pine St (100-198),undefined,undefined,ON,8
606031,Pine St (301-399),undefined,undefined,ON,14
606032,Pine St (300-398),undefined,undefined,ON,13
606041,Pine St (401-499),undefined,undefined,ON,12
606042,Pine St (400-448),undefined,undefined,ON,12
606231,Pine St (2301-2799),undefined,undefined,ON,3
606232,Pine St (2300-2398),undefined,undefined,ON,1
607321,Pierce St (3201-3299),undefined,undefined,ON,9
607322,Pierce St (3200-3298),undefined,undefined,ON,1
607331,Pierce St (3301-3337),undefined,undefined,ON,1
607332,Pierce St (3300-3330),undefined,undefined,ON,3
608012,Pixley St (100-198),undefined,undefined,ON,4
608022,Pixley St (200-298),undefined,undefined,ON,5
612001,Polk St (1-99),undefined,undefined,ON,4
612011,Polk St (141-199),undefined,undefined,ON,3
612012,Polk St (100-198),undefined,undefined,ON,6
612032,Polk St (300-398),undefined,undefined,ON,8
612311,Polk St (3101-3199),undefined,undefined,ON,3
612312,Polk St (3100-3198),undefined,undefined,ON,4
614001,Post St (1-99),undefined,undefined,ON,11
614002,Post St (2-98),undefined,undefined,ON,16
614161,Post St (1601-1699),undefined,undefined,ON,6
614162,Post St (1600-1698),undefined,undefined,ON,10
614171,Post St (1701-1799),undefined,undefined,ON,9
614172,Post St (1700-1798),undefined,undefined,ON,13
614181,Post St (1801-1899),undefined,undefined,ON,4
614182,Post St (1800-1898),undefined,undefined,ON,10
614191,Post St (1901-1999),undefined,undefined,ON,5
614192,Post St (1900-1998),undefined,undefined,ON,8
616241,Powell St (2401-2499),undefined,undefined,ON,5
640011,Redwood St (101-199),undefined,undefined,ON,8
644032,Ritch St (300-398),undefined,undefined,ON,15
650011,Sacramento St (101-199),undefined,undefined,ON,7
650021,Sacramento St (201-299),undefined,undefined,ON,9
650031,Sacramento St (301-399),undefined,undefined,ON,10
650041,Sacramento St (401-499),undefined,undefined,ON,11
650051,Sacramento St (501-599),undefined,undefined,ON,14
650241,Sacramento St (2401-2449),undefined,undefined,ON,1
650242,Sacramento St (2400-2498),undefined,undefined,ON,7
650251,Sacramento St (2501-2599),undefined,undefined,ON,4
650252,Sacramento St (2500-2598),undefined,undefined,ON,1
651001,Sansome St (1-99),undefined,undefined,ON,2
651011,Sansome St (101-199),undefined,undefined,ON,10
651012,Sansome St (100-198),undefined,undefined,ON,5
651021,Sansome St (201-299),undefined,undefined,ON,11
651022,Sansome St (200-298),undefined,undefined,ON,6
651031,Sansome St (343-399),undefined,undefined,ON,5
651032,Sansome St (300-398),undefined,undefined,ON,9
651041,Sansome St (401-449),undefined,undefined,ON,5
651042,Sansome St (450-498),undefined,undefined,ON,6
651051,Sansome St (501-599),undefined,undefined,ON,2
651052,Sansome St (500-598),undefined,undefined,ON,2
652321,Scott St (3201-3299),undefined,undefined,ON,7
652322,Scott St (3200-3298),undefined,undefined,ON,5
652331,Scott St (3301-3399),undefined,undefined,ON,1
652332,Scott St (3300-3398),undefined,undefined,ON,2
658011,Spear St (101-199),undefined,undefined,ON,17
658021,Spear St (201-299),undefined,undefined,ON,10
658022,Spear St (200-298),undefined,undefined,ON,14
658031,Spear St (301-399),undefined,undefined,ON,17
658041,Spear St (401-499),undefined,undefined,ON,3
663151,Steiner St (1501-1599),undefined,undefined,ON,4
663152,Steiner St (1500-1598),undefined,undefined,ON,5
663331,Steiner St (3301-3399),undefined,undefined,ON,6
663332,Steiner St (3300-3398),undefined,undefined,ON,5
664232,Stockton St (2300-2398),undefined,undefined,ON,2
665002,Steuart St (2-78),undefined,undefined,ON,3
665011,Steuart St (101-199),undefined,undefined,ON,12
665012,Steuart St (100-198),undefined,undefined,ON,2
666001,Sutter St (51-99),undefined,undefined,ON,15
666002,Sutter St (50-98),undefined,undefined,ON,7
666011,Sutter St (101-199),undefined,undefined,ON,7
666012,Sutter St (100-198),undefined,undefined,ON,16
666181,Sutter St (1801-1899),undefined,undefined,ON,2
666201,Sutter St (2001-2099),undefined,undefined,ON,18
671001,South Park (1-99),undefined,undefined,ON,9
671002,South Park (2-98),undefined,undefined,ON,11
671011,South Park (151-199),undefined,undefined,ON,13
671012,South Park (150-198),undefined,undefined,ON,8
681251,Taylor St (2501-2599),undefined,undefined,ON,11
681252,Taylor St (2500-2598),undefined,undefined,ON,8
681261,Taylor St (2601-2699),undefined,undefined,ON,10
681262,Taylor St (2600-2698),undefined,undefined,ON,11
681271,Taylor St (2701-2799),undefined,undefined,ON,6
681272,Taylor St (2700-2798),undefined,undefined,ON,6
684001,Townsend St (1-99),undefined,undefined,ON,6
684002,Townsend St (54-98),undefined,undefined,ON,4
684011,Townsend St (101-199),undefined,undefined,ON,15
684012,Townsend St (130-198),undefined,undefined,ON,4
684021,Townsend St (249-271),undefined,undefined,ON,3
684022,Townsend St (200-298),undefined,undefined,ON,12
684032,Townsend St (300-398),undefined,undefined,ON,2
689012,Tehama St (100-128),undefined,undefined,ON,2
700041,Valencia St (401-499),undefined,undefined,ON,6
700042,Valencia St (400-498),undefined,undefined,ON,13
700051,Valencia St (501-599),undefined,undefined,ON,4
700052,Valencia St (500-598),undefined,undefined,ON,10
700061,Valencia St (601-699),undefined,undefined,ON,6
700062,Valencia St (630-698),undefined,undefined,ON,2
700071,Valencia St (701-799),undefined,undefined,ON,8
700072,Valencia St (700-798),undefined,undefined,ON,8
700081,Valencia St (801-899),undefined,undefined,ON,12
700082,Valencia St (800-898),undefined,undefined,ON,10
700091,Valencia St (901-999),undefined,undefined,ON,11
700092,Valencia St (900-998),undefined,undefined,ON,12
700101,Valencia St (1001-1099),undefined,undefined,ON,12
700102,Valencia St (1000-1098),undefined,undefined,ON,8
700111,Valencia St (1101-1199),undefined,undefined,ON,12
700112,Valencia St (1100-1198),undefined,undefined,ON,10
700121,Valencia St (1201-1299),undefined,undefined,ON,19
700122,Valencia St (1200-1298),undefined,undefined,ON,15
701001,Van Ness Ave (41-99),undefined,undefined,ON,2
701002,Van Ness Ave (2-98),undefined,undefined,ON,1
701011,Van Ness Ave (101-199),undefined,undefined,ON,4
701021,Van Ness Ave (201-299),undefined,undefined,ON,0
701022,Van Ness Ave (200-298),undefined,undefined,ON,null
701031,Van Ness Ave (301-499),undefined,undefined,ON,5
701032,Van Ness Ave (300-498),undefined,undefined,ON,5
701041,Van Ness Ave (301-499),undefined,undefined,ON,4
701042,Van Ness Ave (300-498),undefined,undefined,ON,5
701051,Van Ness Ave (501-599),undefined,undefined,ON,8
701052,Van Ness Ave (500-598),undefined,undefined,ON,7
720001,Washington St (1-99),undefined,undefined,ON,9
720002,Washington St (2-98),undefined,undefined,ON,6
720011,Washington St (101-199),undefined,undefined,ON,4
720012,Washington St (100-198),undefined,undefined,ON,7
720021,Washington St (201-399),undefined,undefined,ON,1
720022,Washington St (200-398),undefined,undefined,ON,3
720032,Washington St (200-430),undefined,undefined,ON,12
720052,Washington St (500-598),undefined,undefined,ON,null
720241,Washington St (2401-2499),undefined,undefined,ON,1
720242,Washington St (2400-2498),undefined,undefined,ON,2
722151,Webster St (1501-1599),undefined,undefined,ON,5
722152,Webster St (1500-1598),undefined,undefined,ON,4
722162,Webster St (1600-1698),undefined,undefined,ON,6
722211,Webster St (2001-2199),undefined,undefined,ON,3
722212,Webster St (2100-2198),undefined,undefined,ON,3
722221,Webster St (2201-2299),undefined,undefined,ON,1
722222,Webster St (2200-2298),undefined,undefined,ON,1
818011,Brannan St (1-199),undefined,undefined,ON,27
818012,Brannan St (2-198),undefined,undefined,ON,32
820011,Bryant St (51-99),undefined,undefined,ON,10
820012,Bryant St (32-98),undefined,undefined,ON,11
826061,Delancey St (601-699),undefined,undefined,ON,18
826062,Delancey St (600-698),undefined,undefined,ON,22
830001,Embarcadero North (1-99),undefined,undefined,ON,16
830012,Embarcadero North (100-198),undefined,undefined,ON,2
830021,Embarcadero North (201-299),undefined,undefined,ON,8
830022,Embarcadero North (200-298),undefined,undefined,ON,3
831001,Embarcadero South (1-99),undefined,undefined,ON,8
831021,Embarcadero South (201-299),undefined,undefined,ON,18
831022,Embarcadero South (200-298),undefined,undefined,ON,20
831032,Embarcadero South (300-398),undefined,undefined,ON,12
831041,Embarcadero South (401-499),undefined,undefined,ON,27
831042,Embarcadero South (400-498),undefined,undefined,ON,19
831051,Embarcadero South (501-599),undefined,undefined,ON,29
831052,Embarcadero South (500-598),undefined,undefined,ON,15
831061,Embarcadero South (601-699),undefined,undefined,ON,32
831071,King St (701-799),undefined,undefined,ON,30
844002,Howard St (2-48),undefined,undefined,ON,1
847001,Jefferson St (1-99),undefined,undefined,ON,17
847011,Jefferson St (101-199),undefined,undefined,ON,17
847031,Jefferson St (301-399),undefined,undefined,ON,12
847032,Jefferson St (302-398),undefined,undefined,ON,9
847041,Jefferson St (401-499),undefined,undefined,ON,7
847042,Jefferson St (400-498),undefined,undefined,ON,5
847052,Jefferson St (500-598),undefined,undefined,ON,5
864041,Spear St (401-499),undefined,undefined,ON,7
864042,Spear St (400-498),undefined,undefined,ON,20
865021,Steuart St (200-248),undefined,undefined,ON,2
865022,Steuart St (201-249),undefined,undefined,ON,1
